date,RET
2008-01-02,-0.016357
2008-01-03,0.000462
2008-01-04,-0.076335
2008-01-07,-0.013385
2008-01-08,-0.035972000000000004
2008-01-09,0.047591
2008-01-10,-0.007692
2008-01-11,-0.029939999999999998
2008-01-14,0.035265
2008-01-15,-0.054479999999999994
2008-01-16,-0.055608000000000005
2008-01-17,0.00783
2008-01-18,0.002921
2008-01-22,-0.035449
2008-01-23,-0.106451
2008-01-24,-0.024965
2008-01-25,-0.041224000000000004
2008-01-28,0.0
2008-01-29,0.011768
2008-01-30,0.0048649999999999995
2008-01-31,0.024058
2008-02-01,-0.011894
2008-02-04,-0.015701
2008-02-05,-0.017394999999999997
2008-02-06,-0.056895
2008-02-07,-0.006229999999999999
2008-02-08,0.034972
2008-02-11,0.031638
2008-02-12,-0.035457999999999996
2008-02-13,0.036361000000000004
2008-02-14,-0.014991999999999998
2008-02-15,-0.022203
2008-02-19,-0.019658000000000002
2008-02-20,0.013423
2008-02-21,-0.018414
2008-02-22,-0.017113999999999997
2008-02-25,0.002344
2008-02-26,-0.004927
2008-02-27,0.031976
2008-02-28,0.056522
2008-02-29,-0.037641
2008-03-03,-0.026316000000000003
2008-03-04,0.023740999999999998
2008-03-05,-0.001044
2008-03-06,-0.028595999999999996
2008-03-07,0.010915000000000001
2008-03-10,-0.020941
2008-03-11,0.063999
2008-03-12,-0.010366
2008-03-13,0.015155000000000002
2008-03-14,-0.010395999999999999
2008-03-17,0.0009480000000000001
2008-03-18,0.048055
2008-03-19,-0.023716
2008-03-20,0.027763
2008-03-24,0.046972
2008-03-25,0.010392
2008-03-26,0.028939999999999997
2008-03-27,-0.033158999999999994
2008-03-28,0.019679
2008-03-31,0.003426
2008-04-01,0.042022000000000004
2008-04-02,-0.013643
2008-04-03,0.027933999999999997
2008-04-04,0.009696
2008-04-07,0.018356
2008-04-08,-0.019565
2008-04-09,-0.00916
2008-04-10,0.020536000000000002
2008-04-11,-0.047945999999999996
2008-04-14,0.00435
2008-04-15,0.00406
2008-04-16,0.035854000000000004
2008-04-17,0.00514
2008-04-18,0.042397000000000004
2008-04-21,0.044213
2008-04-22,-0.047336
2008-04-23,0.016791999999999998
2008-04-24,0.037142
2008-04-25,0.004676
2008-04-28,0.014787999999999999
2008-04-29,0.016314
2008-04-30,-0.0062840000000000005
2008-05-01,0.03478
2008-05-02,0.005222
2008-05-05,0.020946
2008-05-06,0.010448
2008-05-07,-0.021804
2008-05-08,0.013528
2008-05-09,-0.0087
2008-05-12,0.025675
2008-05-13,0.009566
2008-05-14,-0.019478
2008-05-15,0.01863
2008-05-16,-0.011120999999999999
2008-05-19,-0.021427
2008-05-20,0.012527
2008-05-21,-0.041474000000000004
2008-05-22,-0.006398
2008-05-23,0.02327
2008-05-27,0.029033
2008-05-28,0.003111
2008-05-29,-0.0017109999999999998
2008-05-30,0.011034
2008-06-02,-0.01404
2008-06-03,-0.003922999999999999
2008-06-04,-0.0009710000000000001
2008-06-05,0.022895
2008-06-06,-0.020007
2008-06-09,-0.021709
2008-06-10,0.02219
2008-06-11,-0.026018
2008-06-12,-0.041757
2008-06-13,-0.005137
2008-06-16,0.025932999999999998
2008-06-17,0.025956
2008-06-18,-0.014771000000000001
2008-06-19,0.012028
2008-06-20,-0.031122000000000004
2008-06-23,-0.012039
2008-06-24,0.0005200000000000001
2008-06-25,0.023896
2008-06-26,-0.05146900000000001
2008-06-27,0.010876
2008-06-30,-0.015580000000000002
2008-07-01,0.043239
2008-07-02,-0.037211
2008-07-03,0.011535
2008-07-07,0.029626
2008-07-08,0.025063
2008-07-09,-0.029518
2008-07-10,0.013659000000000001
2008-07-11,-0.022928999999999998
2008-07-14,0.007533
2008-07-15,-0.024385
2008-07-16,0.018687
2008-07-17,-0.005787
2008-07-18,-0.038764
2008-07-21,0.006903
2008-07-22,-0.025677999999999996
2008-07-23,0.02617
2008-07-24,-0.043486000000000004
2008-07-25,0.019430000000000003
2008-07-28,-0.047619
2008-07-29,0.017358000000000002
2008-07-30,0.017825
2008-07-31,-0.005817
2008-08-01,-0.014407
2008-08-04,-0.021894999999999998
2008-08-05,0.048359
2008-08-06,0.022099
2008-08-07,-0.003776
2008-08-08,0.036558999999999994
2008-08-11,0.023651
2008-08-12,0.018265
2008-08-13,0.014542
2008-08-14,0.00011200000000000001
2008-08-15,-0.019964
2008-08-18,-0.0019920000000000003
2008-08-19,-0.010605
2008-08-20,0.013312000000000001
2008-08-21,-0.008815
2008-08-22,0.014343999999999999
2008-08-25,-0.023983
2008-08-26,0.0063170000000000006
2008-08-27,0.005932
2008-08-28,-0.005324000000000001
2008-08-29,-0.024232
2008-09-02,-0.019702
2008-09-03,0.004633
2008-09-04,-0.03438
2008-09-05,-0.006451
2008-09-08,-0.014109
2008-09-09,-0.039514
2008-09-10,-0.00046100000000000004
2008-09-11,0.00686
2008-09-12,-0.024304
2008-09-15,-0.057607000000000005
2008-09-16,-0.0034200000000000003
2008-09-17,-0.086145
2008-09-18,0.048971
2008-09-19,0.050861
2008-09-22,-0.069974
2008-09-23,-0.032125
2008-09-24,0.014743000000000001
2008-09-25,0.025016999999999998
2008-09-26,-0.027969
2008-09-29,-0.179195
2008-09-30,0.079802
2008-10-01,-0.039944
2008-10-02,-0.082661
2008-10-03,-0.03027
2008-10-06,0.011023
2008-10-07,-0.091502
2008-10-08,0.007065999999999999
2008-10-09,-0.011694
2008-10-10,0.090827
2008-10-13,0.13905
2008-10-14,-0.056049
2008-10-15,-0.058897000000000005
2008-10-16,0.040225
2008-10-17,-0.044067
2008-10-20,0.010678
2008-10-21,-0.070601
2008-10-22,0.058803999999999995
2008-10-23,0.014039
2008-10-24,-0.018833000000000003
2008-10-27,-0.044511
2008-10-28,0.08491699999999999
2008-10-29,0.046442000000000004
2008-10-30,0.062076
2008-10-31,-0.03107
2008-11-03,-0.005856
2008-11-04,0.037677999999999996
2008-11-05,-0.069285
2008-11-06,-0.040658
2008-11-07,-0.008678
2008-11-10,-0.024023
2008-11-11,-0.011576999999999999
2008-11-12,-0.049066000000000005
2008-11-13,0.070129
2008-11-14,-0.064289
2008-11-17,-0.023271
2008-11-18,0.020082
2008-11-19,-0.040263
2008-11-20,-0.067215
2008-11-21,0.025966000000000003
2008-11-24,0.125575
2008-11-25,-0.023131
2008-11-26,0.046255000000000004
2008-11-28,-0.024526
2008-12-01,-0.040358
2008-12-02,0.039807
2008-12-03,0.037093
2008-12-04,-0.04682
2008-12-05,0.028333999999999998
2008-12-08,0.060851
2008-12-09,0.0034100000000000003
2008-12-10,-0.018489
2008-12-11,-0.032685000000000006
2008-12-12,0.034421
2008-12-15,-0.03582
2008-12-16,0.007176999999999999
2008-12-17,-0.065703
2008-12-18,0.0030280000000000003
2008-12-19,0.006374
2008-12-22,-0.047333
2008-12-23,0.007464
2008-12-24,-0.015512999999999999
2008-12-26,0.009055
2008-12-29,0.009323
2008-12-30,-0.0036950000000000004
2008-12-31,-0.010894
2009-01-02,0.063269
2009-01-05,0.042204000000000005
2009-01-06,-0.016493999999999998
2009-01-07,-0.021608000000000002
2009-01-08,0.018569
2009-01-09,-0.022869
2009-01-12,-0.021197
2009-01-13,-0.010715
2009-01-14,-0.027135000000000003
2009-01-15,-0.022853000000000002
2009-01-16,-0.012593
2009-01-20,-0.050164
2009-01-21,0.059207
2009-01-22,0.066763
2009-01-23,0.0
2009-01-26,0.014486
2009-01-27,0.012159999999999999
2009-01-28,0.038245
2009-01-29,-0.012739
2009-01-30,-0.030860000000000002
2009-02-02,0.015311000000000002
2009-02-03,0.016064
2009-02-04,0.00613
2009-02-05,0.031106
2009-02-06,0.033796
2009-02-09,0.027977999999999996
2009-02-10,-0.045654
2009-02-11,-0.010324
2009-02-12,0.025305
2009-02-13,-0.001108
2009-02-17,-0.046692000000000004
2009-02-18,-0.001693
2009-02-19,-0.039525
2009-02-20,0.006178
2009-02-23,-0.046601
2009-02-24,0.037953
2009-02-25,0.010083
2009-02-26,-0.02161
2009-02-27,0.0013449999999999998
2009-03-02,-0.015340000000000001
2009-03-03,0.00489
2009-03-04,0.031685000000000005
2009-03-05,-0.025557
2009-03-06,-0.039847
2009-03-09,-0.025674000000000002
2009-03-10,0.066388
2009-03-11,0.045725
2009-03-12,0.039599
2009-03-13,-0.004359
2009-03-16,-0.0053159999999999995
2009-03-17,0.044435
2009-03-18,0.018663
2009-03-19,0.000985
2009-03-20,-0.000295
2009-03-23,0.05975
2009-03-24,-0.010765
2009-03-25,-0.000103
2009-03-26,0.03174
2009-03-27,-0.027487
2009-03-30,-0.022087
2009-03-31,0.006029
2009-04-01,0.033961
2009-04-02,0.036986
2009-04-03,0.029101
2009-04-06,0.021209
2009-04-07,-0.029126
2009-04-08,0.011478
2009-04-09,0.027939999999999996
2009-04-13,0.005436
2009-04-14,-0.015888
2009-04-15,-0.0056630000000000005
2009-04-16,0.032387
2009-04-17,0.016221
2009-04-20,-0.023659
2009-04-21,0.010456
2009-04-22,-0.002053
2009-04-23,0.032014
2009-04-24,-0.011962
2009-04-27,0.006698999999999999
2009-04-28,-0.006638
2009-04-29,0.009992000000000001
2009-04-30,0.005514
2009-05-01,0.011206
2009-05-04,0.03796
2009-05-05,0.0048460000000000005
2009-05-06,-0.001582
2009-05-07,-0.025962
2009-05-08,0.001007
2009-05-11,0.002941
2009-05-12,-0.039747000000000005
2009-05-13,-0.039624
2009-05-14,0.028956
2009-05-15,-0.004311
2009-05-18,0.034553
2009-05-19,0.0063170000000000006
2009-05-20,-0.012397
2009-05-21,-0.013427000000000001
2009-05-22,-0.013529
2009-05-26,0.067592
2009-05-27,0.017357
2009-05-28,0.015182
2009-05-29,0.0054789999999999995
2009-06-01,0.026066000000000002
2009-06-02,0.001005
2009-06-03,0.010467
2009-06-04,0.019794
2009-06-05,0.00647
2009-06-08,-0.005668
2009-06-09,-0.007855
2009-06-10,-0.017307
2009-06-11,-0.002139
2009-06-12,-0.021293
2009-06-15,-0.006425
2009-06-16,0.001911
2009-06-17,-0.005647
2009-06-18,0.0022129999999999997
2009-06-19,0.026494
2009-06-22,-0.015128
2009-06-23,-0.024459
2009-06-24,0.016491
2009-06-25,0.026720999999999998
2009-06-26,0.018447
2009-06-29,-0.0033
2009-06-30,0.00324
2009-07-01,0.0028079999999999997
2009-07-02,-0.019674
2009-07-06,-0.01007
2009-07-07,-0.023159
2009-07-08,0.013441999999999999
2009-07-09,-0.006267
2009-07-10,0.01584
2009-07-13,0.027576999999999997
2009-07-14,-0.000492
2009-07-15,0.032402999999999994
2009-07-16,0.004357
2009-07-17,0.028674
2009-07-20,0.007638
2009-07-21,-0.009149
2009-07-22,0.034519
2009-07-23,0.00689
2009-07-24,0.013724
2009-07-27,0.000713
2009-07-28,-0.000625
2009-07-29,0.00018700000000000002
2009-07-30,0.017247
2009-07-31,0.003686
2009-08-03,0.018606
2009-08-04,-0.005287
2009-08-05,-0.0026579999999999998
2009-08-06,-0.007268000000000001
2009-08-07,0.009761
2009-08-10,-0.0047729999999999995
2009-08-11,-0.011474
2009-08-12,0.015231
2009-08-13,0.018813
2009-08-14,-0.009738
2009-08-17,-0.043111000000000003
2009-08-18,0.027632999999999998
2009-08-19,0.0036590000000000004
2009-08-20,0.01051
2009-08-21,0.017375
2009-08-24,-0.0009460000000000001
2009-08-25,0.0020109999999999998
2009-08-26,-0.011747
2009-08-27,0.012186
2009-08-28,0.0035409999999999994
2009-08-31,-0.01082
2009-09-01,-0.017312
2009-09-02,-0.000714
2009-09-03,0.008294
2009-09-04,0.022576
2009-09-08,0.015384
2009-09-09,-0.010351
2009-09-10,0.008297
2009-09-11,-0.002318
2009-09-14,0.009061
2009-09-15,0.008289
2009-09-16,0.038308
2009-09-17,0.014736
2009-09-18,0.002547
2009-09-21,-0.005405
2009-09-22,0.0025
2009-09-23,0.005529
2009-09-24,-0.009056999999999999
2009-09-25,-0.007888
2009-09-28,0.020738
2009-09-29,-0.004147
2009-09-30,-0.000162
2009-10-01,-0.024225
2009-10-02,0.022338
2009-10-05,0.006079
2009-10-06,0.021427
2009-10-07,0.001263
2009-10-08,-0.005151
2009-10-09,0.00634
2009-10-12,0.0017850000000000001
2009-10-13,-0.00414
2009-10-14,0.006683
2009-10-15,-0.0038159999999999995
2009-10-16,-0.013172
2009-10-19,0.009625
2009-10-20,0.046876999999999995
2009-10-21,0.030992000000000002
2009-10-22,0.001366
2009-10-23,-0.00614
2009-10-26,-0.007159
2009-10-27,-0.025237
2009-10-28,-0.025181
2009-10-29,0.02053
2009-10-30,-0.03998
2009-11-02,0.004297
2009-11-03,-0.0029579999999999997
2009-11-04,0.010914
2009-11-05,0.016876
2009-11-06,0.0015970000000000001
2009-11-09,0.036637
2009-11-10,0.0075450000000000005
2009-11-11,0.00133
2009-11-12,-0.0061990000000000005
2009-11-13,0.012179
2009-11-16,0.010662999999999999
2009-11-17,0.001791
2009-11-18,-0.005024
2009-11-19,-0.026462
2009-11-20,-0.002942
2009-11-23,0.029812
2009-11-24,-0.006993999999999999
2009-11-25,-0.0012230000000000001
2009-11-27,-0.017631
2009-11-30,-0.00339
2009-12-01,-0.014707
2009-12-02,-0.003757
2009-12-03,0.001274
2009-12-04,-0.016083
2009-12-07,-0.022605
2009-12-08,0.004869
2009-12-09,0.041765
2009-12-10,-0.006926000000000001
2009-12-11,-0.00896
2009-12-14,0.011866
2009-12-15,-0.014265
2009-12-16,0.004429
2009-12-17,-0.016253999999999998
2009-12-18,0.018607
2009-12-21,0.014327000000000001
2009-12-22,0.010745000000000001
2009-12-23,0.008684
2009-12-24,0.034339
2009-12-28,0.012294
2009-12-29,-0.011861
2009-12-30,0.012147
2009-12-31,-0.0042899999999999995
2010-01-04,0.015555000000000001
2010-01-05,0.0017289999999999999
2010-01-06,-0.015906
2010-01-07,-0.001849
2010-01-08,0.006648
2010-01-11,-0.008822
2010-01-12,-0.011375
2010-01-13,0.014105000000000001
2010-01-14,-0.005792
2010-01-15,-0.016712
2010-01-19,0.044238
2010-01-20,-0.015416
2010-01-21,-0.017254
2010-01-22,-0.049608
2010-01-25,0.026927999999999997
2010-01-26,0.014108
2010-01-27,0.00944
2010-01-28,-0.041339999999999995
2010-01-29,-0.036264
2010-02-01,0.013886
2010-02-02,0.005803
2010-02-03,0.017206
2010-02-04,-0.036039
2010-02-05,0.017756
2010-02-08,-0.006856
2010-02-09,0.010664
2010-02-10,-0.005474000000000001
2010-02-11,0.018215000000000002
2010-02-12,0.008607
2010-02-16,0.015071000000000001
2010-02-17,-0.0041789999999999996
2010-02-18,0.001866
2010-02-19,-0.0061990000000000005
2010-02-22,-0.006218
2010-02-23,-0.01675
2010-02-24,0.018253
2010-02-25,0.006698000000000001
2010-02-26,0.012969999999999999
2010-03-01,0.021357
2010-03-02,-0.00067
2010-03-03,0.002298
2010-03-04,0.006592
2010-03-05,0.039106
2010-03-08,0.000594
2010-03-09,0.017984
2010-03-10,0.008161
2010-03-11,0.002935
2010-03-12,0.004878
2010-03-15,-0.01218
2010-03-16,0.002725
2010-03-17,-0.00147
2010-03-18,0.002365
2010-03-19,-0.010684
2010-03-22,0.011249
2010-03-23,0.016062
2010-03-24,0.004423
2010-03-25,-0.011859
2010-03-26,0.018751
2010-03-29,0.006453
2010-03-30,0.014866999999999998
2010-03-31,-0.003583
2010-04-01,0.004128
2010-04-05,0.010679000000000001
2010-04-06,0.004403
2010-04-07,0.004425
2010-04-08,-0.002702
2010-04-09,0.007668
2010-04-12,0.002068
2010-04-13,0.0005780000000000001
2010-04-14,0.013447
2010-04-15,0.013147
2010-04-16,-0.006106
2010-04-19,-0.001334
2010-04-20,-0.010038
2010-04-21,0.059814
2010-04-22,0.027967000000000002
2010-04-23,0.016364
2010-04-26,-0.004911
2010-04-27,-0.027681
2010-04-28,-0.001679
2010-04-29,0.026911
2010-04-30,-0.028105
2010-05-03,0.020146
2010-05-04,-0.028797000000000003
2010-05-05,-0.010418
2010-05-06,-0.03803
2010-05-07,-0.042193
2010-05-10,0.07686799999999999
2010-05-11,0.009961
2010-05-12,0.021713999999999997
2010-05-13,-0.014232
2010-05-14,-0.017572
2010-05-17,0.001576
2010-05-18,-0.007316
2010-05-19,-0.01593
2010-05-20,-0.042602999999999995
2010-05-21,0.019178999999999998
2010-05-24,0.018323
2010-05-25,-0.006241
2010-05-26,-0.004531
2010-05-27,0.037856
2010-05-28,0.013933000000000001
2010-06-01,0.015377000000000002
2010-06-02,0.011962
2010-06-03,-0.003145
2010-06-04,-0.027193000000000002
2010-06-07,-0.019632
2010-06-08,-0.006416
2010-06-09,-0.024586
2010-06-10,0.030057999999999998
2010-06-11,0.011976
2010-06-14,0.003037
2010-06-15,0.021276
2010-06-16,0.029112
2010-06-17,0.017287
2010-06-18,0.008107
2010-06-21,-0.014244
2010-06-22,0.013621000000000001
2010-06-23,-0.010517
2010-06-24,-0.00727
2010-06-25,-0.00855
2010-06-28,0.005999
2010-06-29,-0.04521
2010-06-30,-0.018113
2010-07-01,-0.012126000000000001
2010-07-02,-0.0061979999999999995
2010-07-06,0.006843999999999999
2010-07-07,0.040361
2010-07-08,-0.002223
2010-07-09,0.005928
2010-07-12,-0.008994
2010-07-13,-0.021327000000000002
2010-07-14,0.003689
2010-07-15,-0.005053
2010-07-16,-0.006164
2010-07-19,-0.017287
2010-07-20,0.025693999999999998
2010-07-21,0.009329
2010-07-22,0.018817
2010-07-23,0.003536
2010-07-26,-0.002539
2010-07-27,0.018512999999999998
2010-07-28,-0.011815
2010-07-29,-0.010921
2010-07-30,-0.003332
2010-08-02,0.017881
2010-08-03,0.000305
2010-08-04,0.004009
2010-08-05,-0.004867
2010-08-06,-0.006148
2010-08-09,0.006379
2010-08-10,-0.00894
2010-08-11,-0.035542000000000004
2010-08-12,0.0063950000000000005
2010-08-13,-0.010683
2010-08-16,-0.005861
2010-08-17,0.017485
2010-08-18,0.004366
2010-08-19,-0.012605
2010-08-20,-0.0009599999999999999
2010-08-23,-0.015382
2010-08-24,-0.023881
2010-08-25,0.012337
2010-08-26,-0.010745999999999999
2010-08-27,0.005577
2010-08-30,0.0036420000000000003
2010-08-31,0.0024739999999999996
2010-09-01,0.029741000000000004
2010-09-02,0.00735
2010-09-03,0.026173000000000002
2010-09-07,-0.00371
2010-09-08,0.019821000000000002
2010-09-09,0.00057
2010-09-10,0.001292
2010-09-13,0.013781
2010-09-14,0.0038200000000000005
2010-09-15,0.008058
2010-09-16,0.023499000000000003
2010-09-17,-0.004339
2010-09-20,0.028543000000000002
2010-09-21,0.001907
2010-09-22,0.014025
2010-09-23,0.004065999999999999
2010-09-24,0.011768
2010-09-27,-0.003954999999999999
2010-09-28,-0.014782
2010-09-29,0.001778
2010-09-30,-0.012597
2010-10-01,-0.004335
2010-10-04,-0.013733
2010-10-05,0.036965
2010-10-06,0.000865
2010-10-07,0.00010400000000000001
2010-10-08,0.016769
2010-10-11,0.004386999999999999
2010-10-12,0.010767
2010-10-13,0.005359
2010-10-14,0.0072299999999999994
2010-10-15,0.041117
2010-10-18,0.010358
2010-10-19,-0.026761
2010-10-20,0.00336
2010-10-21,-0.0032530000000000002
2010-10-22,-0.006623
2010-10-25,0.004456
2010-10-26,-0.002558
2010-10-27,-0.000714
2010-10-28,-0.008414
2010-10-29,-0.013956
2010-11-01,0.010631999999999999
2010-11-02,0.017029
2010-11-03,0.01112
2010-11-04,0.017487
2010-11-05,-0.003582
2010-11-08,0.004698
2010-11-09,-0.007972
2010-11-10,0.006169
2010-11-11,-0.004323
2010-11-12,-0.027238
2010-11-15,-0.00323
2010-11-16,-0.017734
2010-11-17,-0.003614
2010-11-18,0.026389
2010-11-19,-0.0055119999999999995
2010-11-22,0.021615000000000002
2010-11-23,-0.014775
2010-11-24,0.019645
2010-11-26,0.003065
2010-11-29,0.003515
2010-11-30,-0.018052000000000002
2010-12-01,0.016873
2010-12-02,0.005531
2010-12-03,-0.002232
2010-12-06,0.008537000000000001
2010-12-07,-0.00606
2010-12-08,0.008799
2010-12-09,-0.0039020000000000005
2010-12-10,0.00251
2010-12-13,0.0034630000000000004
2010-12-14,-0.0042899999999999995
2010-12-15,0.000218
2010-12-16,0.002778
2010-12-17,-0.0019920000000000003
2010-12-20,0.004991
2010-12-21,0.0061920000000000005
2010-12-22,0.0029460000000000003
2010-12-23,-0.004797999999999999
2010-12-27,0.0033369999999999997
2010-12-28,0.002433
2010-12-29,-0.000553
2010-12-30,-0.005011
2010-12-31,-0.003399
2011-01-03,0.021731999999999998
2011-01-04,0.005219
2011-01-05,0.00818
2011-01-06,-0.000808
2011-01-07,0.007161
2011-01-10,0.018847
2011-01-11,-0.00238
2011-01-12,0.008137
2011-01-13,0.003658
2011-01-14,0.0081
2011-01-18,-0.022469
2011-01-19,-0.005313
2011-01-20,-0.01818
2011-01-21,-0.017915
2011-01-24,0.032842
2011-01-25,0.011705
2011-01-26,0.007176
2011-01-27,-0.001861
2011-01-28,-0.020716
2011-01-31,0.00958
2011-02-01,0.016828
2011-02-02,-0.002058
2011-02-03,-0.0025559999999999997
2011-02-04,0.00891
2011-02-07,0.015527000000000001
2011-02-08,0.009434999999999999
2011-02-09,0.008333
2011-02-10,-0.010107
2011-02-11,0.006515000000000001
2011-02-14,0.006529000000000001
2011-02-15,0.0020050000000000003
2011-02-16,0.008975
2011-02-17,-0.013300999999999999
2011-02-18,-0.021602
2011-02-22,-0.034088
2011-02-23,0.011843000000000001
2011-02-24,0.000759
2011-02-25,0.015399000000000001
2011-02-28,0.014505
2011-03-01,-0.011042
2011-03-02,0.008043999999999999
2011-03-03,0.021129
2011-03-04,0.001224
2011-03-07,-0.012889
2011-03-08,0.001126
2011-03-09,-0.009248000000000001
2011-03-10,-0.016455
2011-03-11,0.015346
2011-03-14,0.00446
2011-03-15,-0.022994999999999998
2011-03-16,-0.04464
2011-03-17,0.01403
2011-03-18,-0.011863
2011-03-21,0.026098000000000003
2011-03-22,0.0056
2011-03-23,-0.0058909999999999995
2011-03-24,0.017041
2011-03-25,0.019045
2011-03-28,-0.003129
2011-03-29,0.001484
2011-03-30,-0.006639
2011-03-31,-0.00035099999999999997
2011-04-01,-0.011327
2011-04-04,-0.009781
2011-04-05,-0.006741
2011-04-06,-0.002508
2011-04-07,0.000118
2011-04-08,-0.008933
2011-04-11,-0.012714
2011-04-12,0.004837
2011-04-13,0.011221
2011-04-14,-0.011037
2011-04-15,-0.014921
2011-04-18,0.013406
2011-04-19,0.018111000000000002
2011-04-20,0.013466999999999998
2011-04-21,0.024199000000000002
2011-04-25,0.006595
2011-04-26,-0.007334
2011-04-27,-0.000771
2011-04-28,-0.00971
2011-04-29,0.009748
2011-05-02,-0.010995999999999999
2011-05-03,0.0055450000000000004
2011-05-04,0.003935
2011-05-05,-0.008067
2011-05-06,-0.00026000000000000003
2011-05-09,0.002712
2011-05-10,0.0053219999999999995
2011-05-11,-0.006353
2011-05-12,-0.0019010000000000001
2011-05-13,-0.017515
2011-05-16,-0.021144999999999997
2011-05-17,0.008520999999999999
2011-05-18,0.011097
2011-05-19,0.0019420000000000001
2011-05-20,-0.015593000000000001
2011-05-23,-0.0024460000000000003
2011-05-24,-0.006609
2011-05-25,0.013817
2011-05-26,-0.005285
2011-05-27,0.007194
2011-05-31,0.030882
2011-06-01,-0.006670000000000001
2011-06-02,0.001713
2011-06-03,-0.007691
2011-06-06,-0.015722999999999997
2011-06-07,-0.017749
2011-06-08,0.000602
2011-06-09,-0.002257
2011-06-10,-0.016863
2011-06-13,0.002148
2011-06-14,0.017881
2011-06-15,-0.017116
2011-06-16,-0.004866
2011-06-17,-0.015068999999999999
2011-06-20,-0.015425
2011-06-21,0.03165
2011-06-22,-0.008269
2011-06-23,0.026719999999999997
2011-06-24,-0.014733000000000001
2011-06-27,0.017435
2011-06-28,0.009698
2011-06-29,-0.003639
2011-06-30,0.00488
2011-07-01,0.022611000000000003
2011-07-05,0.017975
2011-07-06,0.006668
2011-07-07,0.015465000000000001
2011-07-08,0.007026999999999999
2011-07-11,-0.015874
2011-07-12,-0.0007059999999999999
2011-07-13,0.012071
2011-07-14,-0.000698
2011-07-15,0.019985
2011-07-18,0.024334
2011-07-19,0.008159
2011-07-20,0.026668
2011-07-21,0.001008
2011-07-22,0.015518
2011-07-25,0.013221
2011-07-26,0.012320999999999999
2011-07-27,-0.026820999999999998
2011-07-28,-0.001961
2011-07-29,-0.0034200000000000003
2011-08-01,0.016057
2011-08-02,-0.019761
2011-08-03,0.009411
2011-08-04,-0.038718999999999996
2011-08-05,-0.009937
2011-08-08,-0.054627999999999996
2011-08-09,0.058889
2011-08-10,-0.027593
2011-08-11,0.027523000000000002
2011-08-12,0.008804000000000001
2011-08-15,0.01703
2011-08-16,-0.007642
2011-08-17,-0.000105
2011-08-18,-0.037825
2011-08-19,-0.027373
2011-08-22,0.001152
2011-08-23,0.048143
2011-08-24,0.006906
2011-08-25,-0.006539
2011-08-26,0.026382999999999997
2011-08-29,0.016659
2011-08-30,5.1e-05
2011-08-31,-0.013231
2011-09-01,-0.009873999999999999
2011-09-02,-0.018319
2011-09-06,0.015212
2011-09-07,0.011034
2011-09-08,0.000547
2011-09-09,-0.017337
2011-09-12,0.006517
2011-09-13,0.012318
2011-09-14,0.012168
2011-09-15,0.009401000000000001
2011-09-16,0.019188
2011-09-19,0.02779
2011-09-20,0.0044210000000000005
2011-09-21,-0.003168
2011-09-22,-0.02504
2011-09-23,0.0061719999999999995
2011-09-26,-0.0027949999999999997
2011-09-27,-0.009698
2011-09-28,-0.005635
2011-09-29,-0.016221
2011-09-30,-0.023683000000000003
2011-10-03,-0.017623
2011-10-04,-0.005606
2011-10-05,0.015436000000000002
2011-10-06,-0.002327
2011-10-07,-0.020059999999999998
2011-10-10,0.05140599999999999
2011-10-11,0.029526
2011-10-12,0.0047469999999999995
2011-10-13,0.015515000000000001
2011-10-14,0.033225
2011-10-17,-0.004763
2011-10-18,0.005357
2011-10-19,-0.05594
2011-10-20,-0.008304
2011-10-21,-0.0061719999999999995
2011-10-24,0.032835
2011-10-25,-0.019716
2011-10-26,0.007115000000000001
2011-10-27,0.010209999999999999
2011-10-28,0.000642
2011-10-31,-0.00042
2011-11-01,-0.020431
2011-11-02,0.00227
2011-11-03,0.014242
2011-11-04,-0.0070209999999999995
2011-11-07,-0.001274
2011-11-08,0.016261
2011-11-09,-0.026955
2011-11-10,-0.02545
2011-11-11,-0.001558
2011-11-14,-0.013936000000000002
2011-11-15,0.025233000000000002
2011-11-16,-0.010442
2011-11-17,-0.019128
2011-11-18,-0.0065450000000000005
2011-11-21,-0.015816
2011-11-22,0.020325
2011-11-23,-0.025285
2011-11-25,-0.009319
2011-11-28,0.034519
2011-11-29,-0.007763
2011-11-30,0.024116
2011-12-01,0.014991999999999998
2011-12-02,0.004563
2011-12-05,0.008494
2011-12-06,-0.005242
2011-12-07,-0.004758
2011-12-08,0.004035
2011-12-09,0.0075769999999999995
2011-12-12,-0.004522
2011-12-13,-0.007732999999999999
2011-12-14,-0.02217
2011-12-15,-0.003288
2011-12-16,0.005489
2011-12-19,0.003123
2011-12-20,0.035949
2011-12-21,0.00125
2011-12-22,0.0053100000000000005
2011-12-23,0.011993
2011-12-27,0.007934
2011-12-28,-0.009569
2011-12-29,0.006159
2011-12-30,-0.000296
2012-01-03,0.015383
2012-01-04,0.005374
2012-01-05,0.011101999999999999
2012-01-06,0.010454000000000001
2012-01-09,-0.001586
2012-01-10,0.00358
2012-01-11,-0.0016300000000000002
2012-01-12,-0.002745
2012-01-13,-0.00375
2012-01-17,0.011648
2012-01-18,0.010384000000000001
2012-01-19,-0.003169
2012-01-20,-0.017417
2012-01-23,0.016914
2012-01-24,-0.016375
2012-01-25,0.062439
2012-01-26,-0.004545
2012-01-27,0.00596
2012-01-30,0.012811000000000001
2012-01-31,0.007659999999999999
2012-02-01,-0.0006349999999999999
2012-02-02,-0.002346
2012-02-03,0.010019
2012-02-06,0.009333
2012-02-07,0.010475
2012-02-08,0.016744
2012-02-09,0.034593
2012-02-10,0.0005070000000000001
2012-02-13,0.018605
2012-02-14,0.013649000000000001
2012-02-15,-0.023142
2012-02-16,0.009122
2012-02-17,-0.00017900000000000001
2012-02-21,0.025352
2012-02-22,-0.0035159999999999996
2012-02-23,0.006529999999999999
2012-02-24,0.011658
2012-02-27,0.006412999999999999
2012-02-28,0.018354
2012-02-29,0.013130000000000001
2012-03-01,0.003742
2012-03-02,0.0013039999999999998
2012-03-05,-0.022047999999999998
2012-03-06,-0.005439
2012-03-07,0.000811
2012-03-08,0.021293
2012-03-09,0.005867
2012-03-12,0.012528000000000001
2012-03-13,0.029167000000000002
2012-03-14,0.03781
2012-03-15,-0.006818
2012-03-16,1.7e-05
2012-03-19,0.026521
2012-03-20,0.008085
2012-03-21,-0.00571
2012-03-22,-0.0052450000000000005
2012-03-23,-0.005489
2012-03-26,0.018337
2012-03-27,0.012356
2012-03-28,0.00511
2012-03-29,-0.012564
2012-03-30,-0.016906
2012-04-02,0.031824
2012-04-03,0.01728
2012-04-04,-0.007961
2012-04-05,0.015009
2012-04-09,0.004024
2012-04-10,-0.012244
2012-04-11,-0.003564
2012-04-12,-0.005477
2012-04-13,-0.028165
2012-04-16,-0.041472
2012-04-17,0.050970999999999995
2012-04-18,-0.002231
2012-04-19,-0.034356
2012-04-20,-0.024615
2012-04-23,-0.002234
2012-04-24,-0.019975
2012-04-25,0.088741
2012-04-26,-0.0037700000000000003
2012-04-27,-0.007734
2012-04-30,-0.031542
2012-05-01,-0.003168
2012-05-02,0.006614
2012-05-03,-0.007098999999999999
2012-05-04,-0.028480000000000002
2012-05-07,0.007483
2012-05-08,-0.002283
2012-05-09,0.00176
2012-05-10,0.0023539999999999998
2012-05-11,-0.006678
2012-05-14,-0.014981
2012-05-15,-0.009047
2012-05-16,-0.012825999999999999
2012-05-17,-0.029218
2012-05-18,0.00049
2012-05-21,0.05826
2012-05-22,-0.007679000000000001
2012-05-23,0.0244
2012-05-24,-0.009184000000000001
2012-05-25,-0.00536
2012-05-29,0.017749
2012-05-30,0.012057
2012-05-31,-0.002486
2012-06-01,-0.028975
2012-06-04,0.005882
2012-06-05,-0.002587
2012-06-06,0.015333000000000001
2012-06-07,0.000455
2012-06-08,0.015041999999999998
2012-06-11,-0.015767
2012-06-12,0.008736
2012-06-13,-0.006943
2012-06-14,-0.001101
2012-06-15,0.004549
2012-06-18,0.020291999999999998
2012-06-19,0.002783
2012-06-20,-0.002841
2012-06-21,-0.013779
2012-06-22,0.007669
2012-06-25,-0.019472999999999997
2012-06-26,0.002208
2012-06-27,0.004327
2012-06-28,-0.009487
2012-06-29,0.026272000000000004
2012-07-02,0.014588999999999998
2012-07-03,0.011628
2012-07-05,0.017567
2012-07-06,-0.0066560000000000005
2012-07-09,0.013219999999999999
2012-07-10,-0.009252
2012-07-11,-0.006215
2012-07-12,-0.009149
2012-07-13,0.010135
2012-07-16,0.003207
2012-07-17,4.9e-05
2012-07-18,-0.00112
2012-07-19,0.013295
2012-07-20,-0.016311000000000003
2012-07-23,-0.000778
2012-07-24,-0.0048189999999999995
2012-07-25,-0.043184
2012-07-26,-0.000156
2012-07-27,0.017882
2012-07-30,0.016867
2012-07-31,0.026436
2012-08-01,-0.0064670000000000005
2012-08-02,0.001615
2012-08-03,0.013013999999999998
2012-08-06,0.011126
2012-08-07,-0.002628
2012-08-08,-0.001698
2012-08-09,0.005679
2012-08-10,0.0015630000000000002
2012-08-13,0.01335
2012-08-14,0.0026829999999999996
2012-08-15,-0.001361
2012-08-16,0.008735
2012-08-17,0.018496000000000002
2012-08-20,0.026292000000000003
2012-08-21,-0.013663
2012-08-22,0.019523
2012-08-23,-0.009329
2012-08-24,0.000893
2012-08-27,0.018784
2012-08-28,-0.001302
2012-08-29,-0.001977
2012-08-30,-0.014252
2012-08-31,0.0020670000000000003
2012-09-04,0.014625999999999998
2012-09-05,-0.007023000000000001
2012-09-06,0.009012000000000001
2012-09-07,0.006166
2012-09-10,-0.026012999999999998
2012-09-11,-0.003244
2012-09-12,0.013927000000000002
2012-09-13,0.019693000000000002
2012-09-14,0.012153
2012-09-17,0.012297
2012-09-18,0.003042
2012-09-19,0.000271
2012-09-20,-0.004843
2012-09-21,0.001997
2012-09-24,-0.013290999999999999
2012-09-25,-0.024971
2012-09-26,-0.012412000000000001
2012-09-27,0.024263999999999997
2012-09-28,-0.020863999999999997
2012-10-01,-0.011565
2012-10-02,0.002912
2012-10-03,0.015333000000000001
2012-10-04,-0.006925
2012-10-05,-0.021311
2012-10-08,-0.022097
2012-10-09,-0.003635
2012-10-10,0.007958
2012-10-11,-0.019987
2012-10-12,0.00257
2012-10-15,0.008013
2012-10-16,0.023681999999999998
2012-10-17,-0.00797
2012-10-18,-0.018575
2012-10-19,-0.036039
2012-10-22,0.039666
2012-10-23,-0.032608
2012-10-24,0.005665
2012-10-25,-0.011822
2012-10-26,-0.009086
2012-10-31,-0.014371
2012-11-01,0.002049
2012-11-02,-0.033091
2012-11-05,0.013559
2012-11-06,-0.00303
2012-11-07,-0.038085
2012-11-08,-0.036294
2012-11-09,0.017313
2012-11-12,-0.007731999999999999
2012-11-13,0.000125
2012-11-14,-0.011085
2012-11-15,-0.020973
2012-11-16,0.003915
2012-11-19,0.072112
2012-11-20,-0.008514
2012-11-21,0.001402
2012-11-23,0.017447
2012-11-26,0.031549
2012-11-27,-0.008057
2012-11-28,-0.003147
2012-11-29,0.011013
2012-11-30,-0.006923
2012-12-03,0.0015550000000000002
2012-12-04,-0.017647
2012-12-05,-0.064346
2012-12-06,0.015687
2012-12-07,-0.025573
2012-12-10,-0.006431
2012-12-11,0.021832
2012-12-12,-0.004411
2012-12-13,-0.017273
2012-12-14,-0.037562
2012-12-17,0.017725
2012-12-18,0.029046
2012-12-19,-0.014216
2012-12-20,-0.008702
2012-12-21,-0.0046
2012-12-24,0.001614
2012-12-26,-0.013781
2012-12-27,0.004017
2012-12-28,-0.010622
2012-12-31,0.044317
2013-01-02,0.031675999999999996
2013-01-03,-0.012629999999999999
2013-01-04,-0.027847000000000004
2013-01-07,-0.005882
2013-01-08,0.002691
2013-01-09,-0.015629
2013-01-10,0.012395999999999999
2013-01-11,-0.006132
2013-01-14,-0.035651999999999996
2013-01-15,-0.03155
2013-01-16,0.041509
2013-01-17,-0.006737999999999999
2013-01-18,-0.005331
2013-01-22,0.00954
2013-01-23,0.018295
2013-01-24,-0.123549
2013-01-25,-0.023574
2013-01-28,0.022619999999999998
2013-01-29,0.018763
2013-01-30,-0.0031420000000000003
2013-01-31,-0.002933
2013-02-01,-0.004105
2013-02-04,-0.024919999999999998
2013-02-05,0.035106
2013-02-06,-0.0010789999999999999
2013-02-07,0.029562
2013-02-08,0.014438
2013-02-11,0.010421
2013-02-12,-0.025065999999999998
2013-02-13,-0.001902
2013-02-14,-0.0008990000000000001
2013-02-15,-0.013781
2013-02-19,-0.00036899999999999997
2013-02-20,-0.024218
2013-02-21,-0.006215999999999999
2013-02-22,0.010648999999999999
2013-02-25,-0.017768
2013-02-26,0.013934
2013-02-27,-0.0098
2013-02-28,-0.007131
2013-03-01,-0.024762
2013-03-04,-0.024206000000000002
2013-03-05,0.026411
2013-03-06,-0.012715
2013-03-07,0.011558
2013-03-08,0.002643
2013-03-11,0.014244999999999999
2013-03-12,-0.021559000000000002
2013-03-13,-0.00018700000000000002
2013-03-14,0.009687999999999999
2013-03-15,0.025802999999999996
2013-03-18,0.027183
2013-03-19,-0.002699
2013-03-20,-0.005303
2013-03-21,0.001438
2013-03-22,0.020277
2013-03-25,0.0036149999999999997
2013-03-26,-0.005272
2013-03-27,-0.019638
2013-03-28,-0.020837
2013-04-01,-0.031062
2013-04-02,0.0020559999999999997
2013-04-03,0.0051140000000000005
2013-04-04,-0.009884
2013-04-05,-0.010568000000000001
2013-04-08,0.007112
2013-04-09,0.001807
2013-04-10,0.020399
2013-04-11,-0.0031219999999999998
2013-04-12,-0.01043
2013-04-15,-0.02315
2013-04-16,0.01522
2013-04-17,-0.05499299999999999
2013-04-18,-0.026688
2013-04-19,-0.0038770000000000002
2013-04-22,0.020844
2013-04-23,0.018712
2013-04-24,-0.001645
2013-04-25,0.007197
2013-04-26,0.02161
2013-04-29,0.030956
2013-04-30,0.029434
2013-05-01,-0.007882
2013-05-02,0.014182
2013-05-03,0.010011
2013-05-06,0.023844999999999998
2013-05-07,-0.004454
2013-05-08,0.011298
2013-05-09,-0.008667
2013-05-10,-0.008319
2013-05-13,0.003908
2013-05-14,-0.023926
2013-05-15,-0.033817
2013-05-16,0.013356999999999999
2013-05-17,-0.0030329999999999997
2013-05-20,0.022319
2013-05-21,-0.007383
2013-05-22,0.003853
2013-05-23,0.0017809999999999998
2013-05-24,0.006808
2013-05-28,-0.008337
2013-05-29,0.007954000000000001
2013-05-30,0.0149
2013-05-31,-0.004086
2013-06-03,0.0021899999999999997
2013-06-04,-0.003128
2013-06-05,-0.009348
2013-06-06,-0.01494
2013-06-07,0.0076430000000000005
2013-06-10,-0.006611
2013-06-11,-0.002939
2013-06-12,-0.012362999999999999
2013-06-13,0.008735
2013-06-14,-0.013568
2013-06-17,0.004534000000000001
2013-06-18,-0.000532
2013-06-19,-0.020312
2013-06-20,-0.014566999999999998
2013-06-21,-0.008008
2013-06-24,-0.026505
2013-06-25,0.00022400000000000002
2013-06-26,-0.011326000000000001
2013-06-27,-0.010777
2013-06-28,0.006984000000000001
2013-07-01,0.032003
2013-07-02,0.022653
2013-07-03,0.005520000000000001
2013-07-05,-0.008032
2013-07-08,-0.005678
2013-07-09,0.017588
2013-07-10,-0.003836
2013-07-11,0.015587
2013-07-12,-0.0018210000000000001
2013-07-15,0.00218
2013-07-16,0.006445
2013-07-17,0.000267
2013-07-18,0.003365
2013-07-19,-0.015768
2013-07-22,0.0032
2013-07-23,-0.017171000000000002
2013-07-24,0.051362
2013-07-25,-0.004563
2013-07-26,0.005678
2013-07-29,0.01542
2013-07-30,0.01235
2013-07-31,-0.001743
2013-08-01,0.009162
2013-08-02,0.012841
2013-08-05,0.014939
2013-08-06,-0.008947
2013-08-07,-0.00058
2013-08-08,-0.001979
2013-08-09,-0.014230000000000001
2013-08-12,0.028408
2013-08-13,0.047522
2013-08-14,0.01824
2013-08-15,-0.001184
2013-08-16,0.008877
2013-08-19,0.01077
2013-08-20,-0.013137000000000001
2013-08-21,0.002574
2013-08-22,0.001194
2013-08-23,-0.003857
2013-08-26,0.003892
2013-08-27,-0.028589999999999997
2013-08-28,0.00472
2013-08-29,0.001638
2013-08-30,-0.009119
2013-09-03,0.0028
2013-09-04,0.020694999999999998
2013-09-05,-0.00686
2013-09-06,0.005956
2013-09-09,0.015957
2013-09-10,-0.022779
2013-09-11,-0.054444000000000006
2013-09-12,0.010648000000000001
2013-09-13,-0.01648
2013-09-16,-0.031792
2013-09-17,0.011553
2013-09-18,0.020557
2013-09-19,0.016398
2013-09-20,-0.010354
2013-09-23,0.049699
2013-09-24,-0.003139
2013-09-25,-0.015477000000000001
2013-09-26,0.00974
2013-09-27,-0.007137
2013-09-30,-0.012429
2013-10-01,0.023513
2013-10-02,0.003279
2013-10-03,-0.012562
2013-10-04,-0.000786
2013-10-07,0.009772
2013-10-08,-0.013962
2013-10-09,0.011744
2013-10-10,0.006268
2013-10-11,0.006481999999999999
2013-10-14,0.00655
2013-10-15,0.0053219999999999995
2013-10-16,0.004881
2013-10-17,0.006756999999999999
2013-10-18,0.008702
2013-10-21,0.024508000000000002
2013-10-22,-0.002867
2013-10-23,0.009796
2013-10-24,0.013238999999999999
2013-10-25,-0.01119
2013-10-28,0.007449
2013-10-29,-0.024908
2013-10-30,0.015905000000000002
2013-10-31,-0.00418
2013-11-01,-0.005111999999999999
2013-11-04,0.012922
2013-11-05,-0.00247
2013-11-06,-0.002815
2013-11-07,-0.016179
2013-11-08,0.015743
2013-11-11,-0.002905
2013-11-12,0.001853
2013-11-13,0.0012
2013-11-14,0.014455
2013-11-15,-0.006
2013-11-18,-0.012118
2013-11-19,0.0017760000000000002
2013-11-20,-0.008758
2013-11-21,0.011915
2013-11-22,-0.002564
2013-11-25,0.00758
2013-11-26,0.018444
2013-11-27,0.023547
2013-11-29,0.018518
2013-12-02,-0.008704
2013-12-03,0.027379
2013-12-04,-0.002334
2013-12-05,0.005135
2013-12-06,-0.013877
2013-12-09,0.011446
2013-12-10,-0.0015539999999999998
2013-12-11,-0.007409000000000001
2013-12-12,-0.0014609999999999998
2013-12-13,-0.0109
2013-12-16,0.005536999999999999
2013-12-17,-0.004502
2013-12-18,-0.0076040000000000005
2013-12-19,-0.011457
2013-12-20,0.008375
2013-12-23,0.038377
2013-12-24,-0.0042450000000000005
2013-12-26,-0.006640999999999999
2013-12-27,-0.006756999999999999
2013-12-30,-0.009945
2013-12-31,0.011722
2014-01-02,-0.014063999999999998
2014-01-03,-0.021966
2014-01-06,0.005453
2014-01-07,-0.007156
2014-01-08,0.006338
2014-01-09,-0.012772
2014-01-10,-0.006670999999999999
2014-01-13,0.005235
2014-01-14,0.019898
2014-01-15,0.020077
2014-01-16,-0.00558
2014-01-17,-0.024502
2014-01-21,0.015536000000000001
2014-01-22,0.004444
2014-01-23,0.008468
2014-01-24,-0.018178
2014-01-27,0.008112000000000001
2014-01-28,-0.079927
2014-01-29,-0.011352
2014-01-30,-0.0019329999999999998
2014-01-31,0.001637
2014-02-03,0.0018579999999999998
2014-02-04,0.014476
2014-02-05,0.007469
2014-02-06,0.005794
2014-02-07,0.01399
2014-02-10,0.017915
2014-02-11,0.013175999999999998
2014-02-12,-7.5e-05
2014-02-13,0.015879
2014-02-14,-0.000808
2014-02-18,0.003677
2014-02-19,-0.015788
2014-02-20,-0.011575
2014-02-21,-0.011108
2014-02-24,0.004379
2014-02-25,-0.010407
2014-02-26,-0.009022
2014-02-27,0.019948
2014-02-28,-0.00271
2014-03-03,0.002888
2014-03-04,0.006594
2014-03-05,0.0021079999999999996
2014-03-06,-0.0030239999999999998
2014-03-07,-0.000584
2014-03-10,0.0009050000000000001
2014-03-11,0.009738
2014-03-12,0.0009699999999999999
2014-03-13,-0.011106999999999999
2014-03-14,-0.011231999999999999
2014-03-17,0.003907
2014-03-18,0.008847
2014-03-19,-0.000263
2014-03-20,-0.0048189999999999995
2014-03-21,0.007887
2014-03-24,0.011859999999999999
2014-03-25,0.010757
2014-03-26,-0.009559999999999999
2014-03-27,-0.004298
2014-03-28,-0.001116
2014-03-31,-0.00022400000000000002
2014-04-01,0.009148
2014-04-02,0.001662
2014-04-03,-0.0069299999999999995
2014-04-04,-0.012936000000000001
2014-04-07,-0.015701
2014-04-08,-5.6999999999999996e-05
2014-04-09,0.013144
2014-04-10,-0.012898
2014-04-11,-0.007393
2014-04-14,0.0039840000000000006
2014-04-15,-0.007131
2014-04-16,0.002027
2014-04-17,0.011426
2014-04-21,0.011868
2014-04-22,0.0009960000000000001
2014-04-23,-0.013068999999999999
2014-04-24,0.081982
2014-04-25,0.007344
2014-04-28,0.038728
2014-04-29,-0.002963
2014-04-30,-0.003782
2014-05-01,0.002355
2014-05-02,0.00186
2014-05-05,0.014141999999999998
2014-05-06,-0.010898999999999999
2014-05-07,-0.0034990000000000004
2014-05-08,-0.001773
2014-05-09,-0.004163
2014-05-12,0.012445999999999999
2014-05-13,0.0015689999999999999
2014-05-14,0.000185
2014-05-15,-0.008504000000000001
2014-05-16,0.014758000000000002
2014-05-19,0.011849
2014-05-20,0.000198
2014-05-21,0.002646
2014-05-22,0.001583
2014-05-23,0.011295999999999999
2014-05-27,0.018726
2014-05-28,-0.002589
2014-05-29,0.018221
2014-05-30,-0.003746
2014-06-02,-0.006872
2014-06-03,0.014140999999999999
2014-06-04,0.011419
2014-06-05,0.003924
2014-06-06,-0.00275
2014-06-09,0.016000999999999998
2014-06-10,0.00587
2014-06-11,-0.004138
2014-06-12,-0.016727000000000002
2014-06-13,-0.010944
2014-06-16,0.010079000000000001
2014-06-17,-0.001301
2014-06-18,0.001086
2014-06-19,-0.003471
2014-06-20,-0.010342
2014-06-23,-0.00088
2014-06-24,-0.006055
2014-06-25,0.000886
2014-06-26,0.0059759999999999995
2014-06-27,0.011881000000000001
2014-06-30,0.010328
2014-07-01,0.0063490000000000005
2014-07-02,-0.00042800000000000005
2014-07-03,0.005884
2014-07-07,0.02061
2014-07-08,-0.00644
2014-07-09,0.00042
2014-07-10,-0.003722
2014-07-11,0.001947
2014-07-14,0.012916999999999998
2014-07-15,-0.011715999999999999
2014-07-16,-0.005665
2014-07-17,-0.017832
2014-07-18,0.014396
2014-07-21,-0.0052
2014-07-22,0.008314
2014-07-23,0.026077
2014-07-24,-0.0016460000000000001
2014-07-25,0.006606
2014-07-28,0.013812
2014-07-29,-0.006462999999999999
2014-07-30,-0.002338
2014-07-31,-0.025981
2014-08-01,0.0055439999999999994
2014-08-04,-0.0056170000000000005
2014-08-05,-0.004917
2014-08-06,-0.0016820000000000001
2014-08-07,-0.000105
2014-08-08,0.002752
2014-08-11,0.013193999999999999
2014-08-12,-0.00020800000000000001
2014-08-13,0.013233000000000002
2014-08-14,0.0026739999999999997
2014-08-15,0.004922999999999999
2014-08-18,0.012043
2014-08-19,0.013816
2014-08-20,0.000398
2014-08-21,9.9e-05
2014-08-22,0.007356999999999999
2014-08-25,0.002171
2014-08-26,-0.006411
2014-08-27,0.012301000000000001
2014-08-28,0.001175
2014-08-29,0.002445
2014-09-02,0.0078049999999999994
2014-09-03,-0.042207
2014-09-04,-0.008288
2014-09-05,0.008662999999999999
2014-09-08,-0.006163
2014-09-09,-0.0037619999999999997
2014-09-10,0.030717
2014-09-11,0.004257
2014-09-12,0.002268
2014-09-15,-0.000295
2014-09-16,-0.007576
2014-09-17,0.007139
2014-09-18,0.0020670000000000003
2014-09-19,-0.008154
2014-09-22,0.00099
2014-09-23,0.015634000000000002
2014-09-24,-0.008671
2014-09-25,-0.038133
2014-09-26,0.029427
2014-09-29,-0.006352
2014-09-30,0.006393
2014-10-01,-0.015583000000000001
2014-10-02,0.007259999999999999
2014-10-03,-0.002803
2014-10-06,0.0
2014-10-07,-0.008733
2014-10-08,0.02076
2014-10-09,0.002182
2014-10-10,-0.0028710000000000003
2014-10-13,-0.009133
2014-10-14,-0.010620000000000001
2014-10-15,-0.012253
2014-10-16,-0.013123
2014-10-17,0.014648
2014-10-20,0.021399
2014-10-21,0.027164999999999998
2014-10-22,0.005075
2014-10-23,0.017866
2014-10-24,0.00372
2014-10-27,-0.001045
2014-10-28,0.015508000000000001
2014-10-29,0.005621
2014-10-30,-0.0033539999999999998
2014-10-31,0.009534
2014-11-03,0.012962999999999999
2014-11-04,-0.007312999999999999
2014-11-05,0.0023940000000000003
2014-11-06,0.002848
2014-11-07,0.002852
2014-11-10,-0.0016510000000000001
2014-11-11,0.007994
2014-11-12,0.014129
2014-11-13,0.014112000000000001
2014-11-14,0.012055
2014-11-17,-0.0016640000000000001
2014-11-18,0.012984
2014-11-19,-0.006928
2014-11-20,0.014302
2014-11-21,0.001376
2014-11-24,0.018503
2014-11-25,-0.008641
2014-11-26,0.011904999999999999
2014-11-28,-0.000588
2014-12-01,-0.032456
2014-12-02,-0.003824
2014-12-03,0.011341
2014-12-04,-0.003795
2014-12-05,-0.004243
2014-12-08,-0.022609
2014-12-09,0.015303
2014-12-10,-0.019015
2014-12-11,-0.002948
2014-12-12,-0.016932
2014-12-15,-0.013715999999999999
2014-12-16,-0.013675
2014-12-17,0.024966
2014-12-18,0.029613
2014-12-19,-0.007723000000000001
2014-12-22,0.010378
2014-12-23,-0.003542
2014-12-24,-0.0047090000000000005
2014-12-26,0.017677000000000002
2014-12-29,-0.0007019999999999999
2014-12-30,-0.012203
2014-12-31,-0.019019
2015-01-02,-0.009512999999999999
2015-01-05,-0.028172000000000003
2015-01-06,9.4e-05
2015-01-07,0.014022
2015-01-08,0.038422000000000005
2015-01-09,0.001073
2015-01-12,-0.024641
2015-01-13,0.008879000000000001
2015-01-14,-0.003811
2015-01-15,-0.027139999999999997
2015-01-16,-0.00777
2015-01-20,0.025757
2015-01-21,0.007634
2015-01-22,0.026016
2015-01-23,0.0051600000000000005
2015-01-26,0.001062
2015-01-27,-0.035013
2015-01-28,0.05653300000000001
2015-01-29,0.031134
2015-01-30,-0.014634000000000001
2015-02-02,0.012546999999999999
2015-02-03,0.000169
2015-02-04,0.007670000000000001
2015-02-05,0.007109000000000001
2015-02-06,-0.008421
2015-02-09,0.0066430000000000005
2015-02-10,0.019211000000000002
2015-02-11,0.023438999999999998
2015-02-12,0.012652
2015-02-13,0.004903
2015-02-17,0.005902
2015-02-18,0.006923
2015-02-19,-0.002059
2015-02-20,0.008135
2015-02-23,0.027067
2015-02-24,-0.006241
2015-02-25,-0.025573
2015-02-26,0.012617
2015-02-27,-0.014990999999999999
2015-03-02,0.0049039999999999995
2015-03-03,0.002092
2015-03-04,-0.006339
2015-03-05,-0.016571000000000002
2015-03-06,0.001503
2015-03-09,0.004265
2015-03-10,-0.020686000000000003
2015-03-11,-0.018231999999999998
2015-03-12,0.018078999999999998
2015-03-13,-0.0069099999999999995
2015-03-16,0.011004
2015-03-17,0.016727000000000002
2015-03-18,0.011256
2015-03-19,-0.007589
2015-03-20,-0.01251
2015-03-23,0.010405
2015-03-24,-0.0040880000000000005
2015-03-25,-0.026126999999999997
2015-03-26,0.0069700000000000005
2015-03-27,-0.007968000000000001
2015-03-30,0.025314
2015-03-31,-0.015352000000000001
2015-04-01,-0.0014470000000000002
2015-04-02,0.008612
2015-04-06,0.016199
2015-04-07,-0.010522
2015-04-08,-0.003254
2015-04-09,0.0076430000000000005
2015-04-10,0.004267
2015-04-13,-0.001967
2015-04-14,-0.004336
2015-04-15,0.0038
2015-04-16,-0.004811
2015-04-17,-0.011255
2015-04-20,0.022846
2015-04-21,-0.005407
2015-04-22,0.013474000000000002
2015-04-23,0.008164
2015-04-24,0.004704
2015-04-27,0.018192
2015-04-28,-0.015756
2015-04-29,-0.014706
2015-04-30,-0.02713
2015-05-01,0.030364
2015-05-04,-0.001939
2015-05-05,-0.022533
2015-05-06,-0.00628
2015-05-07,0.0061600000000000005
2015-05-08,0.018841
2015-05-11,-0.010187
2015-05-12,-0.003602
2015-05-13,0.001152
2015-05-14,0.023331
2015-05-15,-0.001396
2015-05-18,0.011027
2015-05-19,-0.0009220000000000001
2015-05-20,-7.7e-05
2015-05-21,0.010226
2015-05-22,0.008753
2015-05-26,-0.022031
2015-05-27,0.018709
2015-05-28,-0.002007
2015-05-29,-0.011382999999999999
2015-06-01,0.001957
2015-06-02,-0.004405
2015-06-03,0.001231
2015-06-04,-0.005841
2015-06-05,-0.005489
2015-06-08,-0.006606999999999999
2015-06-09,-0.002973
2015-06-10,0.011458
2015-06-11,-0.00225
2015-06-12,-0.011043
2015-06-15,-0.001966
2015-06-16,0.005358
2015-06-17,-0.0023510000000000002
2015-06-18,0.004556
2015-06-19,-0.010009
2015-06-22,0.007978
2015-06-23,-0.004545
2015-06-24,0.008502
2015-06-25,-0.004762
2015-06-26,-0.005882
2015-06-29,-0.017515
2015-06-30,0.007187000000000001
2015-07-01,0.009368000000000001
2015-07-02,-0.0012640000000000001
2015-07-06,-0.0034799999999999996
2015-07-07,-0.00246
2015-07-08,-0.024822999999999998
2015-07-09,-0.020397
2015-07-10,0.026733999999999997
2015-07-13,0.019306
2015-07-14,-0.000398
2015-07-15,0.009633
2015-07-16,0.013326
2015-07-17,0.008637
2015-07-20,0.018900999999999998
2015-07-21,-0.009995
2015-07-22,-0.042294
2015-07-23,-0.000479
2015-07-24,-0.005273
2015-07-27,-0.013896
2015-07-28,0.0049689999999999995
2015-07-29,-0.0031609999999999997
2015-07-30,-0.0050409999999999995
2015-07-31,-0.008744
2015-08-03,-0.023578
2015-08-04,-0.032083999999999994
2015-08-05,0.006629
2015-08-06,0.002166
2015-08-07,0.003387
2015-08-10,0.036357
2015-08-11,-0.052038
2015-08-12,0.01542
2015-08-13,-0.000781
2015-08-14,0.007034
2015-08-17,0.010348
2015-08-18,-0.005633
2015-08-19,-0.012790000000000001
2015-08-20,-0.02052
2015-08-21,-0.061163
2015-08-24,-0.024962
2015-08-25,0.006012
2015-08-26,0.057354999999999996
2015-08-27,0.029447000000000004
2015-08-28,0.0032770000000000004
2015-08-31,-0.004678
2015-09-01,-0.044697
2015-09-02,0.042889
2015-09-03,-0.017536000000000003
2015-09-04,-0.009967
2015-09-08,0.027821
2015-09-09,-0.019232
2015-09-10,0.02197
2015-09-11,0.014569
2015-09-14,0.009631
2015-09-15,0.008412000000000001
2015-09-16,0.001118
2015-09-17,-0.02139
2015-09-18,-0.0041259999999999995
2015-09-21,0.015512999999999999
2015-09-22,-0.01571
2015-09-23,0.008112999999999999
2015-09-24,0.005947999999999999
2015-09-25,-0.002522
2015-09-28,-0.019788999999999998
2015-09-29,-0.030061
2015-09-30,0.01137
2015-10-01,-0.006528
2015-10-02,0.007301
2015-10-05,0.003624
2015-10-06,0.004784
2015-10-07,-0.004761
2015-10-08,-0.011554
2015-10-09,0.023927
2015-10-12,-0.004638000000000001
2015-10-13,0.001703
2015-10-14,-0.014134
2015-10-15,0.014971
2015-10-16,-0.007331
2015-10-19,0.006214
2015-10-20,0.018258
2015-10-21,-8.8e-05
2015-10-22,0.015295
2015-10-23,0.030996
2015-10-26,-0.031911
2015-10-27,-0.006332
2015-10-28,0.041205
2015-10-29,0.010564
2015-10-30,-0.008546
2015-11-02,0.014059
2015-11-03,0.011470999999999999
2015-11-04,-0.00465
2015-11-05,-0.0045899999999999995
2015-11-06,0.001158
2015-11-09,-0.0040479999999999995
2015-11-10,-0.031517
2015-11-11,-0.005652
2015-11-12,-0.0033590000000000004
2015-11-13,-0.029207999999999998
2015-11-16,0.016334
2015-11-17,-0.004248
2015-11-18,0.031665
2015-11-19,0.012704
2015-11-20,0.004378
2015-11-23,-0.012991999999999998
2015-11-24,0.009597
2015-11-25,-0.00715
2015-11-27,-0.001864
2015-11-30,0.004159
2015-12-01,-0.008115
2015-12-02,-0.009034
2015-12-03,-0.009288
2015-12-04,0.033247000000000006
2015-12-07,-0.006301
2015-12-08,-0.00042300000000000004
2015-12-09,-0.022076
2015-12-10,0.004757
2015-12-11,-0.025738
2015-12-14,-0.006185
2015-12-15,-0.017692
2015-12-16,0.007693000000000001
2015-12-17,-0.021196
2015-12-18,-0.027069
2015-12-21,0.012261
2015-12-22,-0.000932
2015-12-23,0.01287
2015-12-24,-0.00534
2015-12-28,-0.011201000000000001
2015-12-29,0.017974
2015-12-30,-0.013059000000000001
2015-12-31,-0.019195
2016-01-04,0.0008550000000000001
2016-01-05,-0.025059
2016-01-06,-0.01957
2016-01-07,-0.042205
2016-01-08,0.005288
2016-01-11,0.016191999999999998
2016-01-12,0.014513
2016-01-13,-0.025710000000000004
2016-01-14,0.021871
2016-01-15,-0.024015
2016-01-19,-0.004839
2016-01-20,0.0013449999999999998
2016-01-21,-0.005062
2016-01-22,0.053167
2016-01-25,-0.019523
2016-01-26,0.005531
2016-01-27,-0.065707
2016-01-28,0.0071719999999999996
2016-01-29,0.034541
2016-02-01,-0.009349
2016-02-02,-0.020222
2016-02-03,0.019791999999999997
2016-02-04,0.007992
2016-02-05,-0.026708
2016-02-08,0.01053
2016-02-09,-0.00021099999999999998
2016-02-10,-0.00758
2016-02-11,-0.006046
2016-02-12,0.003095
2016-02-16,0.028194999999999998
2016-02-17,0.015315
2016-02-18,-0.018956
2016-02-19,-0.002285
2016-02-22,0.008745999999999999
2016-02-23,-0.022605
2016-02-24,0.014891
2016-02-25,0.006868000000000001
2016-02-26,0.00155
2016-02-29,-0.00227
2016-03-01,0.039715
2016-03-02,0.002188
2016-03-03,0.007444
2016-03-04,0.014877000000000001
2016-03-07,-0.011067
2016-03-08,-0.008246
2016-03-09,0.000891
2016-03-10,0.0004940000000000001
2016-03-11,0.010773999999999999
2016-03-14,0.002542
2016-03-15,0.020094
2016-03-16,0.013290999999999999
2016-03-17,-0.001604
2016-03-18,0.001134
2016-03-21,-9.4e-05
2016-03-22,0.007648
2016-03-23,-0.005529
2016-03-24,-0.004334
2016-03-28,-0.004542
2016-03-29,0.023671
2016-03-30,0.017459
2016-03-31,-0.005203
2016-04-01,0.009175
2016-04-04,0.010274
2016-04-05,-0.011789
2016-04-06,0.010473
2016-04-07,-0.02181
2016-04-08,0.001106
2016-04-11,0.0033130000000000004
2016-04-12,0.013025
2016-04-13,0.014487
2016-04-14,0.000536
2016-04-15,-0.020071000000000002
2016-04-18,-0.021575
2016-04-19,-0.005303
2016-04-20,0.002058
2016-04-21,-0.010828
2016-04-22,-0.0027370000000000003
2016-04-25,-0.005678
2016-04-26,-0.006947
2016-04-27,-0.062578
2016-04-28,-0.030566000000000003
2016-04-29,-0.011493999999999999
2016-05-02,-0.001067
2016-05-03,0.016446000000000002
2016-05-04,-0.010401
2016-05-05,-0.004034
2016-05-06,-0.005577
2016-05-09,0.000755
2016-05-10,0.006789
2016-05-11,-0.009741
2016-05-12,-0.023457
2016-05-13,0.0019920000000000003
2016-05-16,0.037119
2016-05-17,-0.004154
2016-05-18,0.011445
2016-05-19,-0.003807
2016-05-20,0.010828
2016-05-23,0.012707
2016-05-24,0.015244
2016-05-25,0.017569
2016-05-26,0.00793
2016-05-27,-0.000598
2016-05-31,-0.004883
2016-06-01,-0.01402
2016-06-02,-0.007515999999999999
2016-06-03,0.0020469999999999998
2016-06-06,0.0072510000000000005
2016-06-07,0.004056000000000001
2016-06-08,-0.000909
2016-06-09,0.007176
2016-06-10,-0.008229
2016-06-13,-0.015075999999999999
2016-06-14,0.001233
2016-06-15,-0.003283
2016-06-16,0.004221
2016-06-17,-0.022758
2016-06-20,-0.0024129999999999998
2016-06-21,0.008517
2016-06-22,-0.003754
2016-06-23,0.005756
2016-06-24,-0.028096
2016-06-27,-0.014561000000000001
2016-06-28,0.01684
2016-06-29,0.008655
2016-06-30,0.012712000000000001
2016-07-01,0.0030329999999999997
2016-07-05,-0.009386
2016-07-06,0.005685
2016-07-07,0.004292
2016-07-08,0.007712999999999999
2016-07-11,0.0031030000000000003
2016-07-12,0.004536999999999999
2016-07-13,-0.005646
2016-07-14,0.019819999999999997
2016-07-15,-0.000101
2016-07-18,0.01063
2016-07-19,0.000401
2016-07-20,0.000901
2016-07-21,-0.005302
2016-07-22,-0.007744
2016-07-25,-0.013378999999999999
2016-07-26,-0.006883
2016-07-27,0.06496299999999999
2016-07-28,0.013502000000000002
2016-07-29,-0.0012460000000000001
2016-08-01,0.017657
2016-08-02,-0.014804
2016-08-03,0.012537999999999999
2016-08-04,0.006144
2016-08-05,0.015207
2016-08-08,0.008281
2016-08-09,0.00406
2016-08-10,-0.007444
2016-08-11,-0.000648
2016-08-12,0.002316
2016-08-15,0.012017
2016-08-16,-0.0009130000000000001
2016-08-17,-0.001463
2016-08-18,-0.001282
2016-08-19,0.0025670000000000003
2016-08-22,-0.007772
2016-08-23,0.003133
2016-08-24,-0.007533
2016-08-25,-0.004258
2016-08-26,-0.005857
2016-08-29,-0.0011220000000000002
2016-08-30,-0.0076760000000000005
2016-08-31,0.0009429999999999999
2016-09-01,0.005938000000000001
2016-09-02,0.009369
2016-09-06,-0.000279
2016-09-07,0.006128
2016-09-08,-0.026208999999999996
2016-09-09,-0.02265
2016-09-12,0.022399000000000002
2016-09-13,0.023805
2016-09-14,0.035387
2016-09-15,0.033998
2016-09-16,-0.0056240000000000005
2016-09-19,-0.01166
2016-09-20,-8.8e-05
2016-09-21,-0.000176
2016-09-22,0.009423
2016-09-23,-0.016663999999999998
2016-09-26,0.001508
2016-09-27,0.00186
2016-09-28,0.007605
2016-09-29,-0.015533000000000002
2016-09-30,0.007755
2016-10-03,-0.004688
2016-10-04,0.004266
2016-10-05,0.000443
2016-10-06,0.00743
2016-10-07,0.001493
2016-10-10,0.017447
2016-10-11,0.002154
2016-10-12,0.008942
2016-10-13,-0.003068
2016-10-14,0.005556
2016-10-17,-0.0006799999999999999
2016-10-18,-0.000681
2016-10-19,-0.002979
2016-10-20,-0.000512
2016-10-21,-0.0039299999999999995
2016-10-24,0.009004999999999999
2016-10-25,0.0051
2016-10-26,-0.022494999999999998
2016-10-27,-0.009603
2016-10-28,-0.006639
2016-10-31,-0.001583
2016-11-01,-0.018055
2016-11-02,0.000897
2016-11-03,-0.010664
2016-11-04,-0.009014
2016-11-07,0.014425
2016-11-08,0.005887
2016-11-09,-0.001621
2016-11-10,-0.027868
2016-11-11,0.005937
2016-11-14,-0.025085
2016-11-15,0.013244
2016-11-16,0.026888
2016-11-17,-0.000364
2016-11-18,0.001
2016-11-21,0.015174000000000002
2016-11-22,0.000627
2016-11-23,-0.005098
2016-11-25,0.005035
2016-11-28,-0.001968
2016-11-29,-0.000986
2016-11-30,-0.008434
2016-12-01,-0.00932
2016-12-02,0.0037450000000000005
2016-12-05,-0.007188
2016-12-06,0.007698999999999999
2016-12-07,0.009823
2016-12-08,0.009817
2016-12-09,0.016322
2016-12-12,-0.005704
2016-12-13,0.016681
2016-12-14,0.0
2016-12-15,0.005469
2016-12-16,0.001295
2016-12-19,0.005777
2016-12-20,0.0026579999999999998
2016-12-21,0.000941
2016-12-22,-0.0065780000000000005
2016-12-23,0.001978
2016-12-27,0.006351
2016-12-28,-0.004264
2016-12-29,-0.00025699999999999996
2016-12-30,-0.007795999999999999
2017-01-03,0.002849
2017-01-04,-0.001119
2017-01-05,0.005085
2017-01-06,0.011148
2017-01-09,0.009159
2017-01-10,0.001009
2017-01-11,0.005372999999999999
2017-01-12,-0.004175
2017-01-13,-0.001761
2017-01-17,0.008065000000000001
2017-01-18,-8.3e-05
2017-01-19,-0.00175
2017-01-20,0.001837
2017-01-23,0.000667
2017-01-24,-0.000916
2017-01-25,0.015921
2017-01-26,0.000492
2017-01-27,8.2e-05
2017-01-30,-0.002624
2017-01-31,-0.002302
2017-02-01,0.060980999999999994
2017-02-02,-0.001709
2017-02-03,0.004279
2017-02-06,0.009373999999999999
2017-02-07,0.009517
2017-02-08,0.0038770000000000002
2017-02-09,0.007195
2017-02-10,-0.0022660000000000002
2017-02-13,0.008856000000000001
2017-02-14,0.012979
2017-02-15,0.003629
2017-02-16,-0.001218
2017-02-17,0.002771
2017-02-21,0.007220999999999999
2017-02-22,0.002999
2017-02-23,-0.004229999999999999
2017-02-24,0.0009519999999999999
2017-02-27,0.0019760000000000003
2017-02-28,0.00043799999999999997
2017-03-01,0.020439
2017-03-02,-0.005937
2017-03-03,0.005901
2017-03-06,-0.003148
2017-03-07,0.001292
2017-03-08,-0.0037270000000000003
2017-03-09,-0.002302
2017-03-10,0.003317
2017-03-13,0.00043099999999999996
2017-03-14,-0.001509
2017-03-15,0.010576
2017-03-16,0.001637
2017-03-17,-0.004975
2017-03-20,0.010501
2017-03-21,-0.011452
2017-03-22,0.011299
2017-03-23,-0.003536
2017-03-24,-0.001987
2017-03-27,0.001707
2017-03-28,0.020727000000000002
2017-03-29,0.002225
2017-03-30,-0.001318
2017-03-31,-0.001876
2017-04-03,0.000278
2017-04-04,0.0074459999999999995
2017-04-05,-0.005181
2017-04-06,-0.0025
2017-04-07,-0.002228
2017-04-10,-0.001186
2017-04-11,-0.010756
2017-04-12,0.0012
2017-04-13,-0.005289
2017-04-17,0.005529999999999999
2017-04-18,-0.004442
2017-04-19,-0.0036829999999999996
2017-04-20,0.012511
2017-04-21,-0.001193
2017-04-24,0.00963
2017-04-25,0.006196
2017-04-26,-0.005881
2017-04-27,0.000766
2017-04-28,-0.000974
2017-05-01,0.020397
2017-05-02,0.006345
2017-05-03,-0.0030510000000000003
2017-05-04,-0.003604
2017-05-05,0.016584
2017-05-08,0.027188
2017-05-09,0.006405
2017-05-10,-0.0047409999999999996
2017-05-11,0.008612999999999999
2017-05-12,0.013966
2017-05-15,-0.0025629999999999997
2017-05-16,-0.001477
2017-05-17,-0.033576
2017-05-18,0.015241
2017-05-19,0.003409
2017-05-22,0.006076
2017-05-23,-0.001234
2017-05-24,-0.002991
2017-05-25,0.0034560000000000003
2017-05-26,-0.0016899999999999999
2017-05-30,0.000391
2017-05-31,-0.005922
2017-06-01,0.0027489999999999997
2017-06-02,0.014819
2017-06-05,-0.009778
2017-06-06,0.003378
2017-06-07,0.005957
2017-06-08,-0.0024460000000000003
2017-06-09,-0.038777
2017-06-12,-0.023896
2017-06-13,0.008046
2017-06-14,-0.009755
2017-06-15,-0.005993
2017-06-16,-0.013999999999999999
2017-06-19,0.028607999999999998
2017-06-20,-0.009087999999999999
2017-06-21,0.0059310000000000005
2017-06-22,-0.001645
2017-06-23,0.004463
2017-06-26,-0.003145
2017-06-27,-0.014333000000000002
2017-06-28,0.014611
2017-06-29,-0.014743000000000001
2017-06-30,0.002366
2017-07-03,-0.003611
2017-07-05,0.004111
2017-07-06,-0.009439
2017-07-07,0.010159
2017-07-10,0.006104
2017-07-11,0.00324
2017-07-12,0.001443
2017-07-13,0.013928999999999999
2017-07-14,0.008594
2017-07-17,0.003489
2017-07-18,0.0034770000000000005
2017-07-19,0.006263
2017-07-20,-0.004503
2017-07-21,-0.000466
2017-07-24,0.012111
2017-07-25,0.004274
2017-07-26,0.004714
2017-07-27,-0.018897
2017-07-28,-0.00704
2017-07-31,-0.005151
2017-08-01,0.008875
2017-08-02,0.047251
2017-08-03,-0.009991
2017-08-04,0.0052710000000000005
2017-08-07,0.015474000000000002
2017-08-08,0.007997
2017-08-09,0.006122
2017-08-10,-0.031727
2017-08-11,0.013907
2017-08-14,0.01505
2017-08-15,0.010948000000000001
2017-08-16,-0.0040219999999999995
2017-08-17,-0.019198
2017-08-18,-0.002281
2017-08-21,-0.001841
2017-08-22,0.016347999999999998
2017-08-23,0.0012519999999999999
2017-08-24,-0.004438
2017-08-25,0.003704
2017-08-28,0.010071
2017-08-29,0.008918
2017-08-30,0.0027010000000000003
2017-08-31,0.003979
2017-09-01,0.000305
2017-09-05,-0.012009
2017-09-06,-0.001049
2017-09-07,-0.0040149999999999995
2017-09-08,-0.016309
2017-09-11,0.018092
2017-09-12,-0.003963
2017-09-13,-0.007522
2017-09-14,-0.008581
2017-09-15,0.010109
2017-09-18,-0.007568000000000001
2017-09-19,0.00037799999999999997
2017-09-20,-0.016758000000000002
2017-09-21,-0.017172
2017-09-22,-0.009779000000000001
2017-09-25,-0.008822
2017-09-26,0.017204
2017-09-27,0.007118000000000001
2017-09-28,-0.0061600000000000005
2017-09-29,0.00548
2017-10-02,-0.0020109999999999998
2017-10-03,0.0043560000000000005
2017-10-04,-0.0064730000000000005
2017-10-05,0.012445
2017-10-06,-0.000579
2017-10-09,0.0034770000000000005
2017-10-10,0.00038500000000000003
2017-10-11,0.004169
2017-10-12,-0.003513
2017-10-13,0.006346
2017-10-16,0.018409000000000002
2017-10-17,0.0036899999999999997
2017-10-18,-0.004425
2017-10-19,-0.02366
2017-10-20,0.001731
2017-10-23,-0.000512
2017-10-24,0.005954999999999999
2017-10-25,-0.004392
2017-10-26,0.006393
2017-10-27,0.03583
2017-10-30,0.022508
2017-10-31,0.013915
2017-11-01,-0.012719
2017-11-02,0.00731
2017-11-03,0.026114
2017-11-06,0.010145
2017-11-07,0.003214
2017-11-08,0.00818
2017-11-09,-0.002043
2017-11-10,-0.0032979999999999997
2017-11-13,-0.004007999999999999
2017-11-14,-0.015118000000000001
2017-11-15,-0.01319
2017-11-16,0.011947
2017-11-17,-0.0055520000000000005
2017-11-20,-0.000999
2017-11-21,0.01859
2017-11-22,0.010512
2017-11-24,5.6999999999999996e-05
2017-11-27,-0.005029
2017-11-28,-0.0058590000000000005
2017-11-29,-0.020743
2017-11-30,0.013984
2017-12-01,-0.004654999999999999
2017-12-04,-0.007308
2017-12-05,-0.000942
2017-12-06,-0.003714
2017-12-07,0.001834
2017-12-08,0.000295
2017-12-11,0.019484
2017-12-12,-0.005618
2017-12-13,0.0033200000000000005
2017-12-14,-0.00029
2017-12-15,0.010161
2017-12-18,0.014083000000000002
2017-12-19,-0.010656
2017-12-20,-0.0010890000000000001
2017-12-21,0.003785
2017-12-22,0.0
2017-12-26,-0.02537
2017-12-27,0.000176
2017-12-28,0.002814
2017-12-29,-0.010814
2018-01-02,0.017905
2018-01-03,-0.000174
2018-01-04,0.004645000000000001
2018-01-05,0.011385
2018-01-08,-0.003714
2018-01-09,-0.00011499999999999999
2018-01-10,-0.000229
2018-01-11,0.005679999999999999
2018-01-12,0.010326
2018-01-16,-0.005082
2018-01-17,0.016516
2018-01-18,0.000893
2018-01-19,-0.004463
2018-01-22,-0.008181
2018-01-23,0.000226
2018-01-24,-0.015929
2018-01-25,-0.017851
2018-01-26,0.002338
2018-01-29,-0.020697999999999998
2018-01-30,-0.005894
2018-01-31,0.002755
2018-02-01,0.00209
2018-02-02,-0.04339
2018-02-05,-0.024984
2018-02-06,0.041792
2018-02-07,-0.021407
2018-02-08,-0.027517000000000003
2018-02-09,0.012182
2018-02-12,0.040279
2018-02-13,0.010018
2018-02-14,0.018437000000000002
2018-02-15,0.033578
2018-02-16,-0.003237
2018-02-20,-0.0033640000000000002
2018-02-21,-0.004539
2018-02-22,0.008359
2018-02-23,0.017391
2018-02-26,0.019772
2018-02-27,-0.0032409999999999995
2018-02-28,-0.0015140000000000002
2018-03-01,-0.017516
2018-03-02,0.006914
2018-03-05,0.003462
2018-03-06,-0.000848
2018-03-07,-0.009283
2018-03-08,0.010912
2018-03-09,0.017181000000000002
2018-03-12,0.009668000000000001
2018-03-13,-0.00963
2018-03-14,-0.008501
2018-03-15,0.0011769999999999999
2018-03-16,-0.0035259999999999996
2018-03-19,-0.015279
2018-03-20,-0.000342
2018-03-21,-0.022655
2018-03-22,-0.014130000000000002
2018-03-23,-0.023157
2018-03-26,0.047472
2018-03-27,-0.025641000000000004
2018-03-28,-0.011049
2018-03-29,0.007809
2018-04-02,-0.006556
2018-04-03,0.010259
2018-04-04,0.019122
2018-04-05,0.006934
2018-04-06,-0.025578999999999998
2018-04-09,0.009918000000000001
2018-04-10,0.018818
2018-04-11,-0.004675
2018-04-12,0.009858
2018-04-13,0.0033880000000000004
2018-04-16,0.0062380000000000005
2018-04-17,0.013763999999999998
2018-04-18,-0.0022440000000000003
2018-04-19,-0.028339999999999997
2018-04-20,-0.040972
2018-04-23,-0.002896
2018-04-24,-0.013918999999999999
2018-04-25,0.004357
2018-04-26,0.003483
2018-04-27,-0.01157
2018-04-30,0.018112
2018-05-01,0.023236
2018-05-02,0.044175
2018-05-03,0.001812
2018-05-04,0.039233
2018-05-07,0.007234999999999999
2018-05-08,0.004807
2018-05-09,0.0070409999999999995
2018-05-10,0.014303999999999999
2018-05-11,-0.0037890000000000003
2018-05-14,-0.002333
2018-05-15,-0.009087999999999999
2018-05-16,0.009333
2018-05-17,-0.006324000000000001
2018-05-18,-0.0036369999999999996
2018-05-21,0.007084999999999999
2018-05-22,-0.0025050000000000003
2018-05-23,0.006412
2018-05-24,-0.001115
2018-05-25,0.002285
2018-05-29,-0.0036060000000000003
2018-05-30,-0.002129
2018-05-31,-0.00336
2018-06-01,0.018034
2018-06-04,0.008357999999999999
2018-06-05,0.0077150000000000005
2018-06-06,0.0034659999999999995
2018-06-07,-0.002681
2018-06-08,-0.009098
2018-06-11,-0.0024519999999999998
2018-06-12,0.005490999999999999
2018-06-13,-0.008217
2018-06-14,0.000524
2018-06-15,-0.010273000000000001
2018-06-18,-0.00053
2018-06-19,-0.01616
2018-06-20,0.0043619999999999996
2018-06-21,-0.005576
2018-06-22,-0.002912
2018-06-25,-0.014871
2018-06-26,0.012406
2018-06-27,-0.001464
2018-06-28,0.007276
2018-06-29,-0.002102
2018-07-02,0.011182
2018-07-03,-0.017416
2018-07-05,0.008047
2018-07-06,0.013862000000000001
2018-07-09,0.013885
2018-07-10,-0.001207
2018-07-11,-0.012976
2018-07-12,0.016766
2018-07-13,0.00157
2018-07-16,-0.002195
2018-07-17,0.002829
2018-07-18,-0.005484
2018-07-19,0.007773
2018-07-20,-0.002293
2018-07-23,0.0008880000000000001
2018-07-24,0.007254000000000001
2018-07-25,0.00943
2018-07-26,-0.0031309999999999997
2018-07-27,-0.016632
2018-07-30,-0.005603
2018-07-31,0.002001
2018-08-01,0.058910000000000004
2018-08-02,0.029231
2018-08-03,0.002893
2018-08-06,0.005193
2018-08-07,-0.009375
2018-08-08,0.000676
2018-08-09,0.007865
2018-08-10,-0.002968
2018-08-13,0.006456999999999999
2018-08-14,0.004213000000000001
2018-08-15,0.002336
2018-08-16,0.01465
2018-08-17,0.019969999999999998
2018-08-20,-0.009744
2018-08-21,-0.0019489999999999998
2018-08-22,4.7e-05
2018-08-23,0.002046
2018-08-24,0.003109
2018-08-27,0.008235
2018-08-28,0.008076
2018-08-29,0.014929
2018-08-30,0.009193999999999999
2018-08-31,0.011554
2018-09-04,0.003207
2018-09-05,-0.006525
2018-09-06,-0.016617
2018-09-07,-0.008068
2018-09-10,-0.013421
2018-09-11,0.025283
2018-09-12,-0.012419
2018-09-13,0.024155000000000003
2018-09-14,-0.011351
2018-09-17,-0.026626
2018-09-18,0.001652
2018-09-19,0.000596
2018-09-20,0.007601999999999999
2018-09-21,-0.010771
2018-09-24,0.01438
2018-09-25,0.006340999999999999
2018-09-26,-0.007965999999999999
2018-09-27,0.020552
2018-09-28,0.003512
2018-10-01,0.006732999999999999
2018-10-02,0.008889
2018-10-03,0.012169
2018-10-04,-0.017581
2018-10-05,-0.016229
2018-10-08,-0.002318
2018-10-09,0.013853
2018-10-10,-0.046326
2018-10-11,-0.008828
2018-10-12,0.035719
2018-10-15,-0.021386000000000002
2018-10-16,0.022037
2018-10-17,-0.004321
2018-10-18,-0.023374000000000002
2018-10-19,0.01523
2018-10-22,0.00611
2018-10-23,0.009427
2018-10-24,-0.034302
2018-10-25,0.021897999999999997
2018-10-26,-0.015924
2018-10-29,-0.01877
2018-10-30,0.004994
2018-10-31,0.026067
2018-11-01,0.015352000000000001
2018-11-02,-0.066331
2018-11-05,-0.028388
2018-11-06,0.010814
2018-11-07,0.030327999999999997
2018-11-08,-0.0034770000000000005
2018-11-09,-0.019282
2018-11-12,-0.050374
2018-11-13,-0.009991
2018-11-14,-0.028247
2018-11-15,0.024679
2018-11-16,0.011076
2018-11-19,-0.039632
2018-11-20,-0.047777999999999994
2018-11-21,-0.0011300000000000001
2018-11-23,-0.025399
2018-11-26,0.013524000000000001
2018-11-27,-0.002176
2018-11-28,0.038452999999999994
2018-11-29,-0.007682
2018-11-30,-0.0054020000000000006
2018-12-03,0.034942
2018-12-04,-0.043989
2018-12-06,-0.011149
2018-12-07,-0.035657
2018-12-10,0.006587999999999999
2018-12-11,-0.005719
2018-12-12,0.002787
2018-12-13,0.01094
2018-12-14,-0.031998
2018-12-17,-0.009306
2018-12-18,0.012993000000000001
2018-12-19,-0.031192
2018-12-20,-0.025235
2018-12-21,-0.038896
2018-12-24,-0.025874
2018-12-26,0.070422
2018-12-27,-0.006490000000000001
2018-12-28,0.000512
2018-12-31,0.009665
